-- An easy way to get this data is first manually create users or whatever
-- data from the Supabase Studio GUI and then run the "dump" command.

--  AUTH USERS

-- Generated by this command: (and then selected auth.users and auth.identities)
--  supabase db dump -f supabase/schema.sql --local -s auth --data-only

INSERT INTO "auth"."users" ("instance_id", "id", "aud", "role", "email", "encrypted_password", "email_confirmed_at", "invited_at", "confirmation_token", "confirmation_sent_at", "recovery_token", "recovery_sent_at", "email_change_token_new", "email_change", "email_change_sent_at", "last_sign_in_at", "raw_app_meta_data", "raw_user_meta_data", "is_super_admin", "created_at", "updated_at", "phone", "phone_confirmed_at", "phone_change", "phone_change_token", "phone_change_sent_at", "email_change_token_current", "email_change_confirm_status", "banned_until", "reauthentication_token", "reauthentication_sent_at", "is_sso_user", "deleted_at") VALUES
	('00000000-0000-0000-0000-000000000000', '33f5b0a8-b9d8-4546-aae0-592ab5729a40', 'authenticated', 'authenticated', 'jenny@test.com', '$2a$10$zEqeP7LLCd7ZxBsayNq3UuqU6IqoRVGP7XPDnbN2Ma7uM69LUfDKC', '2023-10-30 14:04:12.655277+00', NULL, '', NULL, '', NULL, '', '', NULL, NULL, '{"provider": "email", "providers": ["email"]}', '{}', NULL, '2023-10-30 14:04:12.651423+00', '2023-10-30 14:04:12.65541+00', NULL, NULL, '', '', NULL, '', 0, NULL, '', NULL, false, NULL),
	('00000000-0000-0000-0000-000000000000', '9646c7c0-dde2-46b8-aa4f-cdc1027469ff', 'authenticated', 'authenticated', 'charles@test.com', '$2a$10$T7E8gsCx9S4ml4RwwYy9F.3L.k7r7AhU8z9bOTTMscNVXUdMFFgwq', '2023-10-30 14:04:26.972415+00', NULL, '', NULL, '', NULL, '', '', NULL, NULL, '{"provider": "email", "providers": ["email"]}', '{}', NULL, '2023-10-30 14:04:26.969753+00', '2023-10-30 14:04:26.972545+00', NULL, NULL, '', '', NULL, '', 0, NULL, '', NULL, false, NULL),
	('00000000-0000-0000-0000-000000000000', 'f46cb5be-0832-451f-a2e3-e2422debaccb', 'authenticated', 'authenticated', 'test@test.com', '$2a$10$VgKaEh3x4xLMXFvrnkfNQeLNpWVTSlVeYEI8HPngX/4K5x9iP.JBy', '2023-10-30 03:03:07.024967+00', NULL, '', NULL, '', NULL, '', '', NULL, '2023-10-30 03:08:02.197422+00', '{"provider": "email", "providers": ["email"]}', '{}', NULL, '2023-10-30 03:03:07.02167+00', '2023-10-30 03:08:02.199017+00', NULL, NULL, '', '', NULL, '', 0, NULL, '', NULL, false, NULL),
	('00000000-0000-0000-0000-000000000000', '8916e484-8ef1-4a01-bc11-e82bcdc0b02b', 'authenticated', 'authenticated', 'jarvis@test.com', '$2a$10$omFzqlKLBNA2LSr84Nmn6u/n23lqym4a9Wy9nWFXuZRDkri.qFrQi', '2023-10-30 14:03:28.712343+00', NULL, '', NULL, '', NULL, '', '', NULL, NULL, '{"provider": "email", "providers": ["email"]}', '{}', NULL, '2023-10-30 14:03:28.706991+00', '2023-10-30 14:03:28.712466+00', NULL, NULL, '', '', NULL, '', 0, NULL, '', NULL, false, NULL),
	('00000000-0000-0000-0000-000000000000', 'fcd95429-e523-4d5f-afbd-9fef8f282a73', 'authenticated', 'authenticated', 'jov@test.com', '$2a$10$OQcGUmVveG/Jlz.ShUTL9.V.2tMksiWDMy8vcyrTl1XuvPOcRvD52', '2023-10-30 14:03:58.604781+00', NULL, '', NULL, '', NULL, '', '', NULL, NULL, '{"provider": "email", "providers": ["email"]}', '{}', NULL, '2023-10-30 14:03:58.60212+00', '2023-10-30 14:03:58.604924+00', NULL, NULL, '', '', NULL, '', 0, NULL, '', NULL, false, NULL);


INSERT INTO "auth"."identities" ("id", "user_id", "identity_data", "provider", "last_sign_in_at", "created_at", "updated_at") VALUES
	('f46cb5be-0832-451f-a2e3-e2422debaccb', 'f46cb5be-0832-451f-a2e3-e2422debaccb', '{"sub": "f46cb5be-0832-451f-a2e3-e2422debaccb", "email": "test@test.com"}', 'email', '2023-10-30 03:03:07.023823+00', '2023-10-30 03:03:07.023848+00', '2023-10-30 03:03:07.023848+00'),
	('8916e484-8ef1-4a01-bc11-e82bcdc0b02b', '8916e484-8ef1-4a01-bc11-e82bcdc0b02b', '{"sub": "8916e484-8ef1-4a01-bc11-e82bcdc0b02b", "email": "jarvis@test.com"}', 'email', '2023-10-30 14:03:28.707912+00', '2023-10-30 14:03:28.707933+00', '2023-10-30 14:03:28.707933+00'),
	('fcd95429-e523-4d5f-afbd-9fef8f282a73', 'fcd95429-e523-4d5f-afbd-9fef8f282a73', '{"sub": "fcd95429-e523-4d5f-afbd-9fef8f282a73", "email": "jov@test.com"}', 'email', '2023-10-30 14:03:58.603027+00', '2023-10-30 14:03:58.603049+00', '2023-10-30 14:03:58.603049+00'),
	('33f5b0a8-b9d8-4546-aae0-592ab5729a40', '33f5b0a8-b9d8-4546-aae0-592ab5729a40', '{"sub": "33f5b0a8-b9d8-4546-aae0-592ab5729a40", "email": "jenny@test.com"}', 'email', '2023-10-30 14:04:12.652292+00', '2023-10-30 14:04:12.652315+00', '2023-10-30 14:04:12.652315+00'),
	('9646c7c0-dde2-46b8-aa4f-cdc1027469ff', '9646c7c0-dde2-46b8-aa4f-cdc1027469ff', '{"sub": "9646c7c0-dde2-46b8-aa4f-cdc1027469ff", "email": "charles@test.com"}', 'email', '2023-10-30 14:04:26.970723+00', '2023-10-30 14:04:26.970745+00', '2023-10-30 14:04:26.970745+00');


-- PROFILE USERS


-- Generated with this command:
-- supabase db dump -f supabase/schema.sql --local -s public --data-only

INSERT INTO "public"."profiles" ("id", "created_at", "updated_at", "username", "birthdate", "bio", "avatar_url", "gender") VALUES
	('f46cb5be-0832-451f-a2e3-e2422debaccb', '2023-10-30 03:03:07.088613+00', '2023-10-30 03:03:07.088613+00', 'registered_clustering_83', '2005-01-01', NULL, NULL, 'male'),
	('8916e484-8ef1-4a01-bc11-e82bcdc0b02b', '2023-10-30 14:17:24.349924+00', '2023-10-30 14:17:24.349924+00', 'jarvis', '1984-06-01', NULL, NULL, 'male'),
	('fcd95429-e523-4d5f-afbd-9fef8f282a73', '2023-10-30 14:17:46.903188+00', '2023-10-30 14:17:46.903188+00', 'jov', '1986-10-01', NULL, NULL, 'female'),
	('33f5b0a8-b9d8-4546-aae0-592ab5729a40', '2023-10-30 14:18:01.034867+00', '2023-10-30 14:18:01.034867+00', 'jenny', '2005-01-01', NULL, NULL, 'female'),
	('9646c7c0-dde2-46b8-aa4f-cdc1027469ff', '2023-10-30 14:18:15.036121+00', '2023-10-30 14:18:15.036121+00', 'charles', '1986-10-21', NULL, NULL, 'male');